AtomC2000,,,
,,,
Pin,Unit,Type,Name
AA47,RSVD,bi,AA47_RSVD
AC25,RSVD,bi,AC25_RSVD
AC26,RSVD,bi,AC26_RSVD
AD53,RSVD,bi,AD53_RSVD
AG60,RSVD,bi,AG60_RSVD
AJ34,RSVD,bi,AJ34_RSVD
AL34,RSVD,bi,AL34_RSVD
AP20,RSVD,bi,AP20_RSVD
AP21,RSVD,bi,AP21_RSVD
AR51,RSVD,bi,AR51_RSVD
AR53,RSVD,bi,AR53_RSVD
AR54,RSVD,bi,AR54_RSVD
AT34,RSVD,bi,AT34_RSVD
AT51,RSVD,bi,AT51_RSVD
AU34,RSVD,bi,AU34_RSVD
AJ65,OTHER,bi,BRTCX1_PAD
AJ63,OTHER,bi,BRTCX2_PAD
AD55,POWER,pwr,BVCCRTC_EXTPAD
AM56,OTHER,bi,CLK14_IN
AH60,OTHER,bi,COREPWROK
Y63,OTHER,bi,CPU_RESET_B
AM47,OTHER,bi,CTBTRIGINOUT
AL47,OTHER,bi,CTBTRIGOUT
AW56,OTHER,bi,CX_PRDY_B
AY53,OTHER,bi,CX_PREQ_B
BL12,DDR0,bi,DDR3_0_BS[0]
BL10,DDR0,bi,DDR3_0_BS[1]
BC8,DDR0,bi,DDR3_0_BS[2]
BH26,DDR0,bi,DDR3_0_CASB
BA21,DDR0,bi,DDR3_0_CK[0]
BF21,DDR0,bi,DDR3_0_CK[1]
BG19,DDR0,bi,DDR3_0_CK[2]
BB19,DDR0,bi,DDR3_0_CK[3]
BC21,DDR0,bi,DDR3_0_CKB[0]
BG21,DDR0,bi,DDR3_0_CKB[1]
BH19,DDR0,bi,DDR3_0_CKB[2]
BD19,DDR0,bi,DDR3_0_CKB[3]
BG4,DDR0,bi,DDR3_0_CKE[0]
BH5,DDR0,bi,DDR3_0_CKE[1]
BG5,DDR0,bi,DDR3_0_CKE[2]
BH3,DDR0,bi,DDR3_0_CKE[3]
BA26,DDR0,bi,DDR3_0_CMDPU
BE25,DDR0,bi,DDR3_0_CSB[0]
BB25,DDR0,bi,DDR3_0_CSB[1]
BD23,DDR0,bi,DDR3_0_CSB[2]
BG26,DDR0,bi,DDR3_0_CSB[3]
AM15,DDR0,bi,DDR3_0_DQ[0]
AM14,DDR0,bi,DDR3_0_DQ[1]
AL8,DDR0,bi,DDR3_0_DQ[2]
AM8,DDR0,bi,DDR3_0_DQ[3]
AM17,DDR0,bi,DDR3_0_DQ[4]
AL15,DDR0,bi,DDR3_0_DQ[5]
AM11,DDR0,bi,DDR3_0_DQ[6]
AM9,DDR0,bi,DDR3_0_DQ[7]
AR14,DDR0,bi,DDR3_0_DQ[8]
AT13,DDR0,bi,DDR3_0_DQ[9]
AT10,DDR0,bi,DDR3_0_DQ[10]
AR11,DDR0,bi,DDR3_0_DQ[11]
AR16,DDR0,bi,DDR3_0_DQ[12]
AT14,DDR0,bi,DDR3_0_DQ[13]
AT8,DDR0,bi,DDR3_0_DQ[14]
AR10,DDR0,bi,DDR3_0_DQ[15]
AY9,DDR0,bi,DDR3_0_DQ[16]
AY11,DDR0,bi,DDR3_0_DQ[17]
AY15,DDR0,bi,DDR3_0_DQ[18]
AW17,DDR0,bi,DDR3_0_DQ[19]
AW8,DDR0,bi,DDR3_0_DQ[20]
AY8,DDR0,bi,DDR3_0_DQ[21]
AY14,DDR0,bi,DDR3_0_DQ[22]
AW15,DDR0,bi,DDR3_0_DQ[23]
AN4,DDR0,bi,DDR3_0_DQ[24]
AN2,DDR0,bi,DDR3_0_DQ[25]
AU1,DDR0,bi,DDR3_0_DQ[26]
AU3,DDR0,bi,DDR3_0_DQ[27]
AL2,DDR0,bi,DDR3_0_DQ[28]
AL4,DDR0,bi,DDR3_0_DQ[29]
AR2,DDR0,bi,DDR3_0_DQ[30]
AR4,DDR0,bi,DDR3_0_DQ[31]
BA32,DDR0,bi,DDR3_0_DQ[32]
BA30,DDR0,bi,DDR3_0_DQ[33]
BF30,DDR0,bi,DDR3_0_DQ[34]
BD30,DDR0,bi,DDR3_0_DQ[35]
BB32,DDR0,bi,DDR3_0_DQ[36]
AY30,DDR0,bi,DDR3_0_DQ[37]
BG29,DDR0,bi,DDR3_0_DQ[38]
BG30,DDR0,bi,DDR3_0_DQ[39]
BL16,DDR0,bi,DDR3_0_DQ[40]
BL17,DDR0,bi,DDR3_0_DQ[41]
BL21,DDR0,bi,DDR3_0_DQ[42]
BN21,DDR0,bi,DDR3_0_DQ[43]
BM16,DDR0,bi,DDR3_0_DQ[44]
BP16,DDR0,bi,DDR3_0_DQ[45]
BP19,DDR0,bi,DDR3_0_DQ[46]
BN19,DDR0,bi,DDR3_0_DQ[47]
BM25,DDR0,bi,DDR3_0_DQ[48]
BP25,DDR0,bi,DDR3_0_DQ[49]
BL28,DDR0,bi,DDR3_0_DQ[50]
BN28,DDR0,bi,DDR3_0_DQ[51]
BL23,DDR0,bi,DDR3_0_DQ[52]
BN23,DDR0,bi,DDR3_0_DQ[53]
BM27,DDR0,bi,DDR3_0_DQ[54]
BP28,DDR0,bi,DDR3_0_DQ[55]
BN32,DDR0,bi,DDR3_0_DQ[56]
BK32,DDR0,bi,DDR3_0_DQ[57]
BN35,DDR0,bi,DDR3_0_DQ[58]
BM36,DDR0,bi,DDR3_0_DQ[59]
BM31,DDR0,bi,DDR3_0_DQ[60]
BL32,DDR0,bi,DDR3_0_DQ[61]
BK35,DDR0,bi,DDR3_0_DQ[62]
BL35,DDR0,bi,DDR3_0_DQ[63]
AY4,DDR0,bi,DDR3_0_DQECC[0]
AY2,DDR0,bi,DDR3_0_DQECC[1]
BD2,DDR0,bi,DDR3_0_DQECC[2]
BD4,DDR0,bi,DDR3_0_DQECC[3]
AW3,DDR0,bi,DDR3_0_DQECC[4]
AY1,DDR0,bi,DDR3_0_DQECC[5]
BC1,DDR0,bi,DDR3_0_DQECC[6]
BC3,DDR0,bi,DDR3_0_DQECC[7]
AW21,DDR0,bi,DDR3_0_DQPU
AL11,DDR0,bi,DDR3_0_DQS[0]
AT7,DDR0,bi,DDR3_0_DQS[1]
AW12,DDR0,bi,DDR3_0_DQS[2]
AP3,DDR0,bi,DDR3_0_DQS[3]
BD29,DDR0,bi,DDR3_0_DQS[4]
BM18,DDR0,bi,DDR3_0_DQS[5]
BN26,DDR0,bi,DDR3_0_DQS[6]
BP34,DDR0,bi,DDR3_0_DQS[7]
AL12,DDR0,bi,DDR3_0_DQSB[0]
AR7,DDR0,bi,DDR3_0_DQSB[1]
AW11,DDR0,bi,DDR3_0_DQSB[2]
AP1,DDR0,bi,DDR3_0_DQSB[3]
BC29,DDR0,bi,DDR3_0_DQSB[4]
BN17,DDR0,bi,DDR3_0_DQSB[5]
BL26,DDR0,bi,DDR3_0_DQSB[6]
BM34,DDR0,bi,DDR3_0_DQSB[7]
BB4,DDR0,bi,DDR3_0_DQSBECC[0]
BB2,DDR0,bi,DDR3_0_DQSECC[0]
BG17,DDR0,bi,DDR3_0_DRAM_PWROK
BA25,DDR0,bi,DDR3_0_DRAMRSTB
BH11,DDR0,bi,DDR3_0_MA[0]
BL8,DDR0,bi,DDR3_0_MA[1]
BG13,DDR0,bi,DDR3_0_MA[2]
BG11,DDR0,bi,DDR3_0_MA[3]
BD13,DDR0,bi,DDR3_0_MA[4]
BM7,DDR0,bi,DDR3_0_MA[5]
BD10,DDR0,bi,DDR3_0_MA[6]
BH8,DDR0,bi,DDR3_0_MA[7]
BD8,DDR0,bi,DDR3_0_MA[8]
BD15,DDR0,bi,DDR3_0_MA[9]
BN10,DDR0,bi,DDR3_0_MA[10]
BG8,DDR0,bi,DDR3_0_MA[11]
BD7,DDR0,bi,DDR3_0_MA[12]
BA23,DDR0,bi,DDR3_0_MA[13]
BC11,DDR0,bi,DDR3_0_MA[14]
BF15,DDR0,bi,DDR3_0_MA[15]
BP6,DDR0,bi,DDR3_0_MON1N
BP8,DDR0,bi,DDR3_0_MON1P
BK3,DDR0,bi,DDR3_0_MON2N
BK5,DDR0,bi,DDR3_0_MON2P
BD26,DDR0,bi,DDR3_0_ODT[0]
BB26,DDR0,bi,DDR3_0_ODT[1]
BH25,DDR0,bi,DDR3_0_ODT[2]
BG25,DDR0,bi,DDR3_0_ODT[3]
AW20,DDR0,bi,DDR3_0_ODTPU
BG23,DDR0,bi,DDR3_0_RASB
BM13,DDR0,bi,DDR3_0_REFN
BN12,DDR0,bi,DDR3_0_REFP
BE17,POWER,pwr,DDR3_0_VCCA_PWROK
AY29,DDR0,bi,DDR3_0_VREF
BC23,DDR0,bi,DDR3_0_WEB
N18,DDR1,bi,DDR3_1_BS[0]
H18,DDR1,bi,DDR3_1_BS[1]
H25,DDR1,bi,DDR3_1_BS[2]
H4,DDR1,bi,DDR3_1_CASB
C9,DDR1,bi,DDR3_1_CK[0]
G9,DDR1,bi,DDR3_1_CK[1]
H10,DDR1,bi,DDR3_1_CK[2]
J13,DDR1,bi,DDR3_1_CK[3]
D8,DDR1,bi,DDR3_1_CKB[0]
H9,DDR1,bi,DDR3_1_CKB[1]
G10,DDR1,bi,DDR3_1_CKB[2]
L13,DDR1,bi,DDR3_1_CKB[3]
N26,DDR1,bi,DDR3_1_CKE[0]
N25,DDR1,bi,DDR3_1_CKE[1]
L25,DDR1,bi,DDR3_1_CKE[2]
L26,DDR1,bi,DDR3_1_CKE[3]
T25,DDR1,bi,DDR3_1_CMDPU
K3,DDR1,bi,DDR3_1_CSB[0]
N4,DDR1,bi,DDR3_1_CSB[1]
L7,DDR1,bi,DDR3_1_CSB[2]
K4,DDR1,bi,DDR3_1_CSB[3]
B39,DDR1,bi,DDR3_1_DQ[0]
D39,DDR1,bi,DDR3_1_DQ[1]
B35,DDR1,bi,DDR3_1_DQ[2]
D35,DDR1,bi,DDR3_1_DQ[3]
A39,DDR1,bi,DDR3_1_DQ[4]
C40,DDR1,bi,DDR3_1_DQ[5]
A36,DDR1,bi,DDR3_1_DQ[6]
C36,DDR1,bi,DDR3_1_DQ[7]
B32,DDR1,bi,DDR3_1_DQ[8]
C31,DDR1,bi,DDR3_1_DQ[9]
A27,DDR1,bi,DDR3_1_DQ[10]
C27,DDR1,bi,DDR3_1_DQ[11]
E32,DDR1,bi,DDR3_1_DQ[12]
D32,DDR1,bi,DDR3_1_DQ[13]
D28,DDR1,bi,DDR3_1_DQ[14]
B28,DDR1,bi,DDR3_1_DQ[15]
D23,DDR1,bi,DDR3_1_DQ[16]
B23,DDR1,bi,DDR3_1_DQ[17]
D19,DDR1,bi,DDR3_1_DQ[18]
B19,DDR1,bi,DDR3_1_DQ[19]
C24,DDR1,bi,DDR3_1_DQ[20]
D24,DDR1,bi,DDR3_1_DQ[21]
B21,DDR1,bi,DDR3_1_DQ[22]
D21,DDR1,bi,DDR3_1_DQ[23]
H30,DDR1,bi,DDR3_1_DQ[24]
H29,DDR1,bi,DDR3_1_DQ[25]
N32,DDR1,bi,DDR3_1_DQ[26]
L32,DDR1,bi,DDR3_1_DQ[27]
H32,DDR1,bi,DDR3_1_DQ[28]
J30,DDR1,bi,DDR3_1_DQ[29]
M30,DDR1,bi,DDR3_1_DQ[30]
P30,DDR1,bi,DDR3_1_DQ[31]
R15,DDR1,bi,DDR3_1_DQ[32]
R14,DDR1,bi,DDR3_1_DQ[33]
R9,DDR1,bi,DDR3_1_DQ[34]
R11,DDR1,bi,DDR3_1_DQ[35]
T17,DDR1,bi,DDR3_1_DQ[36]
U15,DDR1,bi,DDR3_1_DQ[37]
R8,DDR1,bi,DDR3_1_DQ[38]
U8,DDR1,bi,DDR3_1_DQ[39]
U4,DDR1,bi,DDR3_1_DQ[40]
U2,DDR1,bi,DDR3_1_DQ[41]
AB2,DDR1,bi,DDR3_1_DQ[42]
AB4,DDR1,bi,DDR3_1_DQ[43]
T3,DDR1,bi,DDR3_1_DQ[44]
T1,DDR1,bi,DDR3_1_DQ[45]
Y4,DDR1,bi,DDR3_1_DQ[46]
Y2,DDR1,bi,DDR3_1_DQ[47]
W14,DDR1,bi,DDR3_1_DQ[48]
W13,DDR1,bi,DDR3_1_DQ[49]
W10,DDR1,bi,DDR3_1_DQ[50]
Y11,DDR1,bi,DDR3_1_DQ[51]
Y16,DDR1,bi,DDR3_1_DQ[52]
Y14,DDR1,bi,DDR3_1_DQ[53]
W8,DDR1,bi,DDR3_1_DQ[54]
Y10,DDR1,bi,DDR3_1_DQ[55]
AC8,DDR1,bi,DDR3_1_DQ[56]
AD8,DDR1,bi,DDR3_1_DQ[57]
AD15,DDR1,bi,DDR3_1_DQ[58]
AC17,DDR1,bi,DDR3_1_DQ[59]
AC11,DDR1,bi,DDR3_1_DQ[60]
AC9,DDR1,bi,DDR3_1_DQ[61]
AC14,DDR1,bi,DDR3_1_DQ[62]
AC15,DDR1,bi,DDR3_1_DQ[63]
D15,DDR1,bi,DDR3_1_DQECC[0]
C15,DDR1,bi,DDR3_1_DQECC[1]
D12,DDR1,bi,DDR3_1_DQECC[2]
E12,DDR1,bi,DDR3_1_DQECC[3]
D17,DDR1,bi,DDR3_1_DQECC[4]
B17,DDR1,bi,DDR3_1_DQECC[5]
C13,DDR1,bi,DDR3_1_DQECC[6]
B12,DDR1,bi,DDR3_1_DQECC[7]
T26,DDR1,bi,DDR3_1_DQPU
D37,DDR1,bi,DDR3_1_DQS[0]
D30,DDR1,bi,DDR3_1_DQS[1]
A21,DDR1,bi,DDR3_1_DQS[2]
M29,DDR1,bi,DDR3_1_DQS[3]
U11,DDR1,bi,DDR3_1_DQS[4]
W1,DDR1,bi,DDR3_1_DQS[5]
Y7,DDR1,bi,DDR3_1_DQS[6]
AD12,DDR1,bi,DDR3_1_DQS[7]
B37,DDR1,bi,DDR3_1_DQSB[0]
B30,DDR1,bi,DDR3_1_DQSB[1]
C22,DDR1,bi,DDR3_1_DQSB[2]
L29,DDR1,bi,DDR3_1_DQSB[3]
U12,DDR1,bi,DDR3_1_DQSB[4]
W3,DDR1,bi,DDR3_1_DQSB[5]
W7,DDR1,bi,DDR3_1_DQSB[6]
AD11,DDR1,bi,DDR3_1_DQSB[7]
D14,DDR1,bi,DDR3_1_DQSBECC[0]
B14,DDR1,bi,DDR3_1_DQSECC[0]
L17,DDR1,bi,DDR3_1_DRAM_PWROK
N11,DDR1,bi,DDR3_1_DRAMRSTB
H17,DDR1,bi,DDR3_1_MA[0]
G17,DDR1,bi,DDR3_1_MA[1]
G18,DDR1,bi,DDR3_1_MA[2]
P21,DDR1,bi,DDR3_1_MA[3]
M21,DDR1,bi,DDR3_1_MA[4]
H22,DDR1,bi,DDR3_1_MA[5]
J21,DDR1,bi,DDR3_1_MA[6]
J22,DDR1,bi,DDR3_1_MA[7]
H21,DDR1,bi,DDR3_1_MA[8]
M22,DDR1,bi,DDR3_1_MA[9]
L18,DDR1,bi,DDR3_1_MA[10]
P22,DDR1,bi,DDR3_1_MA[11]
G25,DDR1,bi,DDR3_1_MA[12]
G3,DDR1,bi,DDR3_1_MA[13]
G26,DDR1,bi,DDR3_1_MA[14]
H26,DDR1,bi,DDR3_1_MA[15]
C5,DDR1,bi,DDR3_1_MON1N
E5,DDR1,bi,DDR3_1_MON1P
A6,DDR1,bi,DDR3_1_MON2N
A8,DDR1,bi,DDR3_1_MON2P
L2,DDR1,bi,DDR3_1_ODT[0]
N2,DDR1,bi,DDR3_1_ODT[1]
N8,DDR1,bi,DDR3_1_ODT[2]
L4,DDR1,bi,DDR3_1_ODT[3]
T32,DDR1,bi,DDR3_1_ODTPU
L8,DDR1,bi,DDR3_1_RASB
L14,DDR1,bi,DDR3_1_REFN
J14,DDR1,bi,DDR3_1_REFP
N17,POWER,pwr,DDR3_1_VCCA_PWROK
R29,DDR1,bi,DDR3_1_VREF
N7,DDR1,bi,DDR3_1_WEB
AV63,DFX,bi,DFX_PORT_CLK0
AV65,DFX,bi,DFX_PORT_CLK1
BC64,DFX,bi,DFX_PORT0
AY58,DFX,bi,DFX_PORT1
AW58,DFX,bi,DFX_PORT2
AR57,DFX,bi,DFX_PORT3
AT54,DFX,bi,DFX_PORT4
AY56,DFX,bi,DFX_PORT5
AY63,DFX,bi,DFX_PORT6
AW62,DFX,bi,DFX_PORT7
AY59,DFX,bi,DFX_PORT8
AT60,DFX,bi,DFX_PORT9
BB63,DFX,bi,DFX_PORT10
AT59,DFX,bi,DFX_PORT11
AW64,DFX,bi,DFX_PORT12
AW66,DFX,bi,DFX_PORT13
AY65,DFX,bi,DFX_PORT14
AR59,DFX,bi,DFX_PORT15
AL65,OTHER,bi,ERROR0_B
AL62,OTHER,bi,ERROR1_B
AL63,OTHER,bi,ERROR2_B
AH59,OTHER,bi,FLEX_CLK_SE0
AG56,OTHER,bi,FLEX_CLK_SE1
R59,GBE,bi,GBE_EE_CS_N
W51,GBE,bi,GBE_EE_DI
W60,GBE,bi,GBE_EE_DO
T50,GBE,bi,GBE_EE_SK
P46,GBE,bi,GBE_LED0
W50,GBE,bi,GBE_LED1
P48,GBE,bi,GBE_LED2
R58,GBE,bi,GBE_LED3
W56,GBE,bi,GBE_MDIO0_I2C_CLK
W59,GBE,bi,GBE_MDIO0_I2C_DATA
Y54,GBE,bi,GBE_MDIO1_I2C_CLK
Y53,GBE,bi,GBE_MDIO1_I2C_DATA
H50,GBE,bi,GBE_OBSN
G50,GBE,bi,GBE_OBSP
D50,GBE,bi,GBE_REFCLKN
B50,GBE,bi,GBE_REFCLKP
K48,GBE,bi,GBE_RXN[0]
L46,GBE,bi,GBE_RXN[1]
L44,GBE,bi,GBE_RXN[2]
H42,GBE,bi,GBE_RXN[3]
H48,GBE,bi,GBE_RXP[0]
J46,GBE,bi,GBE_RXP[1]
J44,GBE,bi,GBE_RXP[2]
G42,GBE,bi,GBE_RXP[3]
T58,GBE,bi,GBE_SDP0_0
T48,GBE,bi,GBE_SDP0_1
T55,GBE,bi,GBE_SMBALRT_N
P50,GBE,bi,GBE_SMBCLK
T59,GBE,bi,GBE_SMBD
B48,GBE,bi,GBE_TXN[0]
B46,GBE,bi,GBE_TXN[1]
B44,GBE,bi,GBE_TXN[2]
A42,GBE,bi,GBE_TXN[3]
D48,GBE,bi,GBE_TXP[0]
D46,GBE,bi,GBE_TXP[1]
D44,GBE,bi,GBE_TXP[2]
C42,GBE,bi,GBE_TXP[3]
V66,OTHER,bi,GPIO_SUS0
W54,OTHER,bi,GPIO_SUS1
T53,OTHER,bi,GPIO_SUS2
J37,OTHER,bi,HPLL_REFN
L37,OTHER,bi,HPLL_REFP
AM52,OTHER,bi,IERR_B
AT50,OTHER,bi,ILB_SERIRQ
J38,RSVD,bi,J38_RSVD
L38,RSVD,bi,L38_RSVD
AG54,OTHER,bi,LPC_AD0
AM53,OTHER,bi,LPC_AD1
AL53,OTHER,bi,LPC_AD2
AG59,OTHER,bi,LPC_AD3
AG51,OTHER,bi,LPC_CLKOUT0
AM49,OTHER,bi,LPC_CLKOUT1
AH48,OTHER,bi,LPC_CLKRUNB
AH56,OTHER,bi,LPC_FRAMEB
AL52,OTHER,bi,MCERR_B
AL46,OTHER,bi,MEMHOT_B
Y59,OTHER,bi,NCSI_ARB_OUT
V63,OTHER,bi,NCSI_RXD1
AL56,OTHER,bi,NMI
P38,RSVD,bi,P38_RSVD
BA38,PCIE,bi,PCIE_OBSN
BC38,PCIE,bi,PCIE_OBSP
BD49,PCIE,bi,PCIE_REFCLKN
BB49,PCIE,bi,PCIE_REFCLKP
BE64,PCIE,bi,PCIE_RXN[0]
BH64,PCIE,bi,PCIE_RXN[1]
BK62,PCIE,bi,PCIE_RXN[2]
BH58,PCIE,bi,PCIE_RXN[3]
BH57,PCIE,bi,PCIE_RXN[4]
BF54,PCIE,bi,PCIE_RXN[5]
BG53,PCIE,bi,PCIE_RXN[6]
BG50,PCIE,bi,PCIE_RXN[7]
BH49,PCIE,bi,PCIE_RXN[8]
BF46,PCIE,bi,PCIE_RXN[9]
BG45,PCIE,bi,PCIE_RXN[10]
BH42,PCIE,bi,PCIE_RXN[11]
BG41,PCIE,bi,PCIE_RXN[12]
BG38,PCIE,bi,PCIE_RXN[13]
BF37,PCIE,bi,PCIE_RXN[14]
BG34,PCIE,bi,PCIE_RXN[15]
BE63,PCIE,bi,PCIE_RXP[0]
BJ63,PCIE,bi,PCIE_RXP[1]
BJ62,PCIE,bi,PCIE_RXP[2]
BG58,PCIE,bi,PCIE_RXP[3]
BG57,PCIE,bi,PCIE_RXP[4]
BD54,PCIE,bi,PCIE_RXP[5]
BF53,PCIE,bi,PCIE_RXP[6]
BE50,PCIE,bi,PCIE_RXP[7]
BG49,PCIE,bi,PCIE_RXP[8]
BD46,PCIE,bi,PCIE_RXP[9]
BF45,PCIE,bi,PCIE_RXP[10]
BG42,PCIE,bi,PCIE_RXP[11]
BE41,PCIE,bi,PCIE_RXP[12]
BF38,PCIE,bi,PCIE_RXP[13]
BD37,PCIE,bi,PCIE_RXP[14]
BE34,PCIE,bi,PCIE_RXP[15]
BL61,PCIE,bi,PCIE_TXN[0]
BM58,PCIE,bi,PCIE_TXN[1]
BN57,PCIE,bi,PCIE_TXN[2]
BN55,PCIE,bi,PCIE_TXN[3]
BK54,PCIE,bi,PCIE_TXN[4]
BL53,PCIE,bi,PCIE_TXN[5]
BM52,PCIE,bi,PCIE_TXN[6]
BL50,PCIE,bi,PCIE_TXN[7]
BM49,PCIE,bi,PCIE_TXN[8]
BL48,PCIE,bi,PCIE_TXN[9]
BL46,PCIE,bi,PCIE_TXN[10]
BL44,PCIE,bi,PCIE_TXN[11]
BM43,PCIE,bi,PCIE_TXN[12]
BN41,PCIE,bi,PCIE_TXN[13]
BK40,PCIE,bi,PCIE_TXN[14]
BL39,PCIE,bi,PCIE_TXN[15]
BK60,PCIE,bi,PCIE_TXP[0]
BL59,PCIE,bi,PCIE_TXP[1]
BL57,PCIE,bi,PCIE_TXP[2]
BL55,PCIE,bi,PCIE_TXP[3]
BM54,PCIE,bi,PCIE_TXP[4]
BN53,PCIE,bi,PCIE_TXP[5]
BL52,PCIE,bi,PCIE_TXP[6]
BN50,PCIE,bi,PCIE_TXP[7]
BP49,PCIE,bi,PCIE_TXP[8]
BN48,PCIE,bi,PCIE_TXP[9]
BN46,PCIE,bi,PCIE_TXP[10]
BN44,PCIE,bi,PCIE_TXP[11]
BP43,PCIE,bi,PCIE_TXP[12]
BL41,PCIE,bi,PCIE_TXP[13]
BM40,PCIE,bi,PCIE_TXP[14]
BN39,PCIE,bi,PCIE_TXP[15]
AB63,RSVD,bi,AB63_RSVD
AE62,OTHER,bi,PMU_PLTRST_B
AC49,OTHER,bi,PMU_PWRBTN_B
AM58,OTHER,bi,PMU_RESETBUTTON_B
AC52,OTHER,bi,PMU_SLP_DDRVTT_B
Y50,OTHER,bi,PMU_SLP_LAN_B
AF65,OTHER,bi,PMU_SLP_S3_B
V64,OTHER,bi,PMU_SLP_S45_B
AD58,OTHER,bi,PMU_SUSCLK
AD66,OTHER,bi,PMU_WAKE_B
BB59,OTHER,bi,PROCHOT_B
R37,RSVD,bi,R37_RSVD
AG46,OTHER,bi,RCOMP_CORE_LVT
AC47,OTHER,bi,RSMRST_B
AD50,OTHER,bi,RTEST_B
AT63,SATA,bi,SATA_GP0
AL49,SATA,bi,SATA_LEDN
L52,SATA,bi,SATA_OBSN
J52,SATA,bi,SATA_OBSP
L54,SATA,bi,SATA_REFCLKN
J54,SATA,bi,SATA_REFCLKP
H63,SATA,bi,SATA_RXN[0]
G64,SATA,bi,SATA_RXN[1]
C62,SATA,bi,SATA_RXN[2]
C60,SATA,bi,SATA_RXN[3]
H62,SATA,bi,SATA_RXP[0]
G62,SATA,bi,SATA_RXP[1]
E62,SATA,bi,SATA_RXP[2]
D60,SATA,bi,SATA_RXP[3]
D57,SATA,bi,SATA_TXN[0]
E57,SATA,bi,SATA_TXN[1]
A54,SATA,bi,SATA_TXN[2]
B53,SATA,bi,SATA_TXN[3]
B57,SATA,bi,SATA_TXP[0]
E58,SATA,bi,SATA_TXP[1]
C54,SATA,bi,SATA_TXP[2]
D53,SATA,bi,SATA_TXP[3]
AH51,SATA,bi,SATA3_GP0
AH54,SATA,bi,SATA3_LEDN
R53,SATA,bi,SATA3_OBSN
R55,SATA,bi,SATA3_OBSP
L59,SATA,bi,SATA3_REFCLKN
L57,SATA,bi,SATA3_REFCLKP
M64,SATA,bi,SATA3_RXN[0]
L65,SATA,bi,SATA3_RXN[1]
M62,SATA,bi,SATA3_RXP[0]
L63,SATA,bi,SATA3_RXP[1]
T64,SATA,bi,SATA3_TXN[0]
R65,SATA,bi,SATA3_TXN[1]
R66,SATA,bi,SATA3_TXP[0]
R63,SATA,bi,SATA3_TXP[1]
AN62,OTHER,bi,SMB_CLK0
AR63,OTHER,bi,SMB_CLK1
AR65,OTHER,bi,SMB_CLK2
AP62,OTHER,bi,SMB_DATA0
AN63,OTHER,bi,SMB_DATA1
AN65,OTHER,bi,SMB_DATA2
AL58,OTHER,bi,SMBALRT_N0
AF46,OTHER,bi,SPI_CLK
Y65,OTHER,bi,SPI_CS0_B
AC58,OTHER,bi,SPI_CS1_B
AD59,OTHER,bi,SPI_MISO
AB62,OTHER,bi,SPI_MOSI
AD49,OTHER,bi,SRTCRST_B
AB65,OTHER,bi,SUS_STAT_B
Y57,OTHER,bi,SUSPWRDNACK
BC62,OTHER,bi,SVID_ALERT_B
BB60,OTHER,bi,SVID_CLK
AW53,OTHER,bi,SVID_DATA
AD65,OTHER,bi,TCK
AC56,OTHER,bi,TDI
AF63,OTHER,bi,TDO
AT56,OTHER,bi,THERMTRIP_N
AC53,OTHER,bi,TMS
AA46,OTHER,bi,TRST_B
AG50,OTHER,bi,UART1_RXD
AH50,OTHER,bi,UART1_TXD
BA46,USB,bi,USB_DN[0]
BC45,USB,bi,USB_DN[1]
BB42,USB,bi,USB_DN[2]
BA41,USB,bi,USB_DN[3]
AY46,USB,bi,USB_DP[0]
BA45,USB,bi,USB_DP[1]
BD42,USB,bi,USB_DP[2]
BB41,USB,bi,USB_DP[3]
AR48,USB,bi,USB_OBSP
AD63,USB,bi,USB_OC0_B
AT46,USB,bi,USB_RCOMPI
AT48,USB,bi,USB_RCOMPO
BA50,USB,bi,USB_REFCLKN
BB50,USB,bi,USB_REFCLKP
T37,POWER,pwr,VCCA_GBE_1P0
V38,POWER,pwr,VCCA_GBE_1P0
W38,POWER,pwr,VCCA_GBE_1P0
AT36,POWER,pwr,VCCA_PCIE_1P0
AT38,POWER,pwr,VCCA_PCIE_1P0
AU36,POWER,pwr,VCCA_PCIE_1P0
AU38,POWER,pwr,VCCA_PCIE_1P0
AU39,POWER,pwr,VCCA_PCIE_1P0
AW36,POWER,pwr,VCCA_PCIE_1P0
AW38,POWER,pwr,VCCA_PCIE_1P0
AW39,POWER,pwr,VCCA_PCIE_1P0
K41,POWER,pwr,VCCA_SATA_1P0
L41,POWER,pwr,VCCA_SATA_1P0
N41,POWER,pwr,VCCA_SATA_1P0
P41,POWER,pwr,VCCA_SATA_1P0
L42,POWER,pwr,VCCA_SATA3_1P0
N42,POWER,pwr,VCCA_SATA3_1P0
P42,POWER,pwr,VCCA_SATA3_1P0
AT32,POWER,pwr,VCCACKDDR_0_1P0
AU32,POWER,pwr,VCCACKDDR_0_1P0
V28,POWER,pwr,VCCACKDDR_1_1P0
W28,POWER,pwr,VCCACKDDR_1_1P0
AT21,POWER,pwr,VCCADDR_0_1P0
AT23,POWER,pwr,VCCADDR_0_1P0
AT25,POWER,pwr,VCCADDR_0_1P0
AT26,POWER,pwr,VCCADDR_0_1P0
AT28,POWER,pwr,VCCADDR_0_1P0
W21,POWER,pwr,VCCADDR_1_1P0
W23,POWER,pwr,VCCADDR_1_1P0
W25,POWER,pwr,VCCADDR_1_1P0
W26,POWER,pwr,VCCADDR_1_1P0
AA21,POWER,pwr,VCCADDR_1_1P0
AU21,POWER,pwr,VCCADLLDDR_0_1P0
AU23,POWER,pwr,VCCADLLDDR_0_1P0
AU25,POWER,pwr,VCCADLLDDR_0_1P0
AU26,POWER,pwr,VCCADLLDDR_0_1P0
AU28,POWER,pwr,VCCADLLDDR_0_1P0
V20,POWER,pwr,VCCADLLDDR_1_1P0
V21,POWER,pwr,VCCADLLDDR_1_1P0
V23,POWER,pwr,VCCADLLDDR_1_1P0
V25,POWER,pwr,VCCADLLDDR_1_1P0
V26,POWER,pwr,VCCADLLDDR_1_1P0
V41,POWER,pwr,VCCAPLL_GBE_1P0
W41,POWER,pwr,VCCAPLL_GBE_1P0
AY37,POWER,pwr,VCCAPLL_PCIE_1P0
BA37,POWER,pwr,VCCAPLL_PCIE_1P0
R46,POWER,pwr,VCCAPLL_SATA_1P0
T45,POWER,pwr,VCCAPLL_SATA_1P0
R44,POWER,pwr,VCCAPLL_SATA3_1P0
T44,POWER,pwr,VCCAPLL_SATA3_1P0
T39,POWER,pwr,VCCAREF_GBE_HVGEN
V39,POWER,pwr,VCCAREF_GBE_HVGEN
AT39,POWER,pwr,VCCAREF_PCIE_HVGEN
V46,POWER,pwr,VCCAREF_SATA_HVGEN
W44,POWER,pwr,VCCAREF_SATA_HVGEN
W46,POWER,pwr,VCCAREF_SATA_HVGEN
AT42,POWER,pwr,VCCAUSB_1P0
AT29,POWER,pwr,VCCCLKDDR_0_1P5
AU29,POWER,pwr,VCCCLKDDR_0_1P5
V29,POWER,pwr,VCCCLKDDR_1_1P5
W29,POWER,pwr,VCCCLKDDR_1_1P5
AL32,POWER,pwr,VCCCORE6VIDSI0GT_1P03
AL31,POWER,pwr,VCCCORE7VIDSI0GT_1P03
AD21,POWER,pwr,VCCCPUVIDSI0_1P03
AD23,POWER,pwr,VCCCPUVIDSI0_1P03
AD25,POWER,pwr,VCCCPUVIDSI0_1P03
AD26,POWER,pwr,VCCCPUVIDSI0_1P03
AE1,POWER,pwr,VCCCPUVIDSI0_1P03
AE5,POWER,pwr,VCCCPUVIDSI0_1P03
AF4,POWER,pwr,VCCCPUVIDSI0_1P03
AF20,POWER,pwr,VCCCPUVIDSI0_1P03
AF21,POWER,pwr,VCCCPUVIDSI0_1P03
AF23,POWER,pwr,VCCCPUVIDSI0_1P03
AF25,POWER,pwr,VCCCPUVIDSI0_1P03
AF26,POWER,pwr,VCCCPUVIDSI0_1P03
AG7,POWER,pwr,VCCCPUVIDSI0_1P03
AG8,POWER,pwr,VCCCPUVIDSI0_1P03
AG11,POWER,pwr,VCCCPUVIDSI0_1P03
AG13,POWER,pwr,VCCCPUVIDSI0_1P03
AG14,POWER,pwr,VCCCPUVIDSI0_1P03
AG17,POWER,pwr,VCCCPUVIDSI0_1P03
AG19,POWER,pwr,VCCCPUVIDSI0_1P03
AG21,POWER,pwr,VCCCPUVIDSI0_1P03
AH1,POWER,pwr,VCCCPUVIDSI0_1P03
AH3,POWER,pwr,VCCCPUVIDSI0_1P03
AH4,POWER,pwr,VCCCPUVIDSI0_1P03
AH7,POWER,pwr,VCCCPUVIDSI0_1P03
AH8,POWER,pwr,VCCCPUVIDSI0_1P03
AH10,POWER,pwr,VCCCPUVIDSI0_1P03
AH13,POWER,pwr,VCCCPUVIDSI0_1P03
AH14,POWER,pwr,VCCCPUVIDSI0_1P03
AH16,POWER,pwr,VCCCPUVIDSI0_1P03
AH19,POWER,pwr,VCCCPUVIDSI0_1P03
AJ2,POWER,pwr,VCCCPUVIDSI0_1P03
AJ4,POWER,pwr,VCCCPUVIDSI0_1P03
AJ5,POWER,pwr,VCCCPUVIDSI0_1P03
AJ21,POWER,pwr,VCCCPUVIDSI0_1P03
AJ23,POWER,pwr,VCCCPUVIDSI0_1P03
AJ25,POWER,pwr,VCCCPUVIDSI0_1P03
AJ26,POWER,pwr,VCCCPUVIDSI0_1P03
AK20,POWER,pwr,VCCCPUVIDSI0_1P03
AL21,POWER,pwr,VCCCPUVIDSI0_1P03
AL23,POWER,pwr,VCCCPUVIDSI0_1P03
AL25,POWER,pwr,VCCCPUVIDSI0_1P03
AL26,POWER,pwr,VCCCPUVIDSI0_1P03
AE3,POWER,pwr,VCCCPUVIDSI0_1P03_SENSE
AY19,POWER,pwr,VCCDDR_0_1P5
AY21,POWER,pwr,VCCDDR_0_1P5
AY23,POWER,pwr,VCCDDR_0_1P5
BC7,POWER,pwr,VCCDDR_0_1P5
BC10,POWER,pwr,VCCDDR_0_1P5
BC13,POWER,pwr,VCCDDR_0_1P5
BC15,POWER,pwr,VCCDDR_0_1P5
BD17,POWER,pwr,VCCDDR_0_1P5
BD21,POWER,pwr,VCCDDR_0_1P5
BD25,POWER,pwr,VCCDDR_0_1P5
BE19,POWER,pwr,VCCDDR_0_1P5
BE26,POWER,pwr,VCCDDR_0_1P5
BF13,POWER,pwr,VCCDDR_0_1P5
BF23,POWER,pwr,VCCDDR_0_1P5
BG9,POWER,pwr,VCCDDR_0_1P5
BG15,POWER,pwr,VCCDDR_0_1P5
BH17,POWER,pwr,VCCDDR_0_1P5
BJ4,POWER,pwr,VCCDDR_0_1P5
BK6,POWER,pwr,VCCDDR_0_1P5
BK9,POWER,pwr,VCCDDR_0_1P5
BK12,POWER,pwr,VCCDDR_0_1P5
BK13,POWER,pwr,VCCDDR_0_1P5
BL7,POWER,pwr,VCCDDR_0_1P5
BM9,POWER,pwr,VCCDDR_0_1P5
E7,POWER,pwr,VCCDDR_1_1P5
E9,POWER,pwr,VCCDDR_1_1P5
G5,POWER,pwr,VCCDDR_1_1P5
G7,POWER,pwr,VCCDDR_1_1P5
H13,POWER,pwr,VCCDDR_1_1P5
H14,POWER,pwr,VCCDDR_1_1P5
J5,POWER,pwr,VCCDDR_1_1P5
K10,POWER,pwr,VCCDDR_1_1P5
K17,POWER,pwr,VCCDDR_1_1P5
K18,POWER,pwr,VCCDDR_1_1P5
K25,POWER,pwr,VCCDDR_1_1P5
K26,POWER,pwr,VCCDDR_1_1P5
L5,POWER,pwr,VCCDDR_1_1P5
L21,POWER,pwr,VCCDDR_1_1P5
L22,POWER,pwr,VCCDDR_1_1P5
M3,POWER,pwr,VCCDDR_1_1P5
N13,POWER,pwr,VCCDDR_1_1P5
N14,POWER,pwr,VCCDDR_1_1P5
P17,POWER,pwr,VCCDDR_1_1P5
P18,POWER,pwr,VCCDDR_1_1P5
P25,POWER,pwr,VCCDDR_1_1P5
P26,POWER,pwr,VCCDDR_1_1P5
R21,POWER,pwr,VCCDDR_1_1P5
R22,POWER,pwr,VCCDDR_1_1P5
AD38,POWER,pwr,VCCDIGXXXSI0_1P03
AF38,POWER,pwr,VCCDIGXXXSI0_1P03
AG38,POWER,pwr,VCCDIGXXXSI0_1P03
AJ38,POWER,pwr,VCCDIGXXXSI0_1P03
AA38,POWER,pwr,VCCDIGXXXSUS_1P03
AA39,POWER,pwr,VCCDIGXXXSUS_1P03
AA41,POWER,pwr,VCCDIGXXXSUS_1P03
AC38,POWER,pwr,VCCDIGXXXSUS_1P03
AC39,POWER,pwr,VCCDIGXXXSUS_1P03
AC41,POWER,pwr,VCCDIGXXXSUS_1P03
AU41,POWER,pwr,VCCDUSB_1P0
AW41,POWER,pwr,VCCDUSB_1P0
AT41,POWER,pwr,VCCDUSBSUS_1P0
AD28,POWER,pwr,VCCFHVCPUSI0_MOD0_1P03
AL28,POWER,pwr,VCCFHVCPUSI0_MOD1_1P03
AD29,POWER,pwr,VCCFHVCPUSI0_MOD2_1P03
AJ29,POWER,pwr,VCCFHVCPUSI0_MOD3_1P03
AC42,POWER,pwr,VCCFHVSOCSI0_1P03
AC44,POWER,pwr,VCCFHVSOCSI0_1P03
AJ41,POWER,pwr,VCCPADXXXSI0_1P8
AL41,POWER,pwr,VCCPADXXXSI0_1P8
AJ42,POWER,pwr,VCCPADXXXSI0_3P3
AF41,POWER,pwr,VCCPADXXXSUS_1P8
AF42,POWER,pwr,VCCPADXXXSUS_1P8
AD42,POWER,pwr,VCCPADXXXSUS_3P3
AD44,POWER,pwr,VCCPADXXXSUS_3P3
AU31,POWER,pwr,VCCPLLDDR_0_1P0
W31,POWER,pwr,VCCPLLDDR_1_1P0
AD31,POWER,pwr,VCCRAMCPUSI1_1P03
AD32,POWER,pwr,VCCRAMCPUSI1_1P03
AF29,POWER,pwr,VCCRAMCPUSI1_1P03
AF31,POWER,pwr,VCCRAMCPUSI1_1P03
AG29,POWER,pwr,VCCRAMCPUSI1_1P03
AG31,POWER,pwr,VCCRAMCPUSI1_1P03
AG32,POWER,pwr,VCCRAMCPUSI1_1P03
AF32,POWER,pwr,VCCRAMCPUSI1_1P03_SENSE
AJ31,POWER,pwr,VCCRAMCPUSI0GT_MOD3_1P03
AG42,POWER,pwr,VCCRTC_3P3
AT31,POWER,pwr,VCCSFRPLLDDR_0_1P5
V31,POWER,pwr,VCCSFRPLLDDR_1_1P5
V34,POWER,pwr,VCCSFRXXXSI0_1P35
W34,POWER,pwr,VCCSFRXXXSI0_1P35
AA32,POWER,pwr,VCCSFRXXXSI0_1P35
AA34,POWER,pwr,VCCSFRXXXSI0_1P35
AU46,POWER,pwr,VCCUSBSUS_1P8
AU47,POWER,pwr,VCCUSBSUS_1P8
AU42,POWER,pwr,VCCUSBSUS_3P3
AW42,POWER,pwr,VCCUSBSUS_3P3
AD36,POWER,pwr,VNN
AD39,POWER,pwr,VNN
AF36,POWER,pwr,VNN
AF39,POWER,pwr,VNN
AG36,POWER,pwr,VNN
AG39,POWER,pwr,VNN
AJ36,POWER,pwr,VNN
AJ39,POWER,pwr,VNN
AL36,POWER,pwr,VNN
AL39,POWER,pwr,VNN
AM25,POWER,pwr,VNN
AM26,POWER,pwr,VNN
AM28,POWER,pwr,VNN
AM29,POWER,pwr,VNN
AM31,POWER,pwr,VNN
AM32,POWER,pwr,VNN
AM34,POWER,pwr,VNN
AM36,POWER,pwr,VNN
AM38,POWER,pwr,VNN
AM39,POWER,pwr,VNN
AM41,POWER,pwr,VNN
AM42,POWER,pwr,VNN
A5,POWER,pwr,VSS
A9,POWER,pwr,VSS
A12,POWER,pwr,VSS
A15,POWER,pwr,VSS
A18,POWER,pwr,VSS
A24,POWER,pwr,VSS
A30,POWER,pwr,VSS
A33,POWER,pwr,VSS
A45,POWER,pwr,VSS
A48,POWER,pwr,VSS
A51,POWER,pwr,VSS
A57,POWER,pwr,VSS
A59,POWER,pwr,VSS
A61,POWER,pwr,VSS
A62,POWER,pwr,VSS
A64,POWER,pwr,VSS
A66,POWER,pwr,VSS
B10,POWER,pwr,VSS
B26,POWER,pwr,VSS
B41,POWER,pwr,VSS
B55,POWER,pwr,VSS
C3,POWER,pwr,VSS
C6,POWER,pwr,VSS
C18,POWER,pwr,VSS
C33,POWER,pwr,VSS
C45,POWER,pwr,VSS
C49,POWER,pwr,VSS
C51,POWER,pwr,VSS
C58,POWER,pwr,VSS
C64,POWER,pwr,VSS
C66,POWER,pwr,VSS
D6,POWER,pwr,VSS
D10,POWER,pwr,VSS
D26,POWER,pwr,VSS
D33,POWER,pwr,VSS
D41,POWER,pwr,VSS
D42,POWER,pwr,VSS
D51,POWER,pwr,VSS
D55,POWER,pwr,VSS
D59,POWER,pwr,VSS
E1,POWER,pwr,VSS
E3,POWER,pwr,VSS
E10,POWER,pwr,VSS
E13,POWER,pwr,VSS
E14,POWER,pwr,VSS
E16,POWER,pwr,VSS
E18,POWER,pwr,VSS
E19,POWER,pwr,VSS
E21,POWER,pwr,VSS
E22,POWER,pwr,VSS
E23,POWER,pwr,VSS
E25,POWER,pwr,VSS
E27,POWER,pwr,VSS
E28,POWER,pwr,VSS
E30,POWER,pwr,VSS
E31,POWER,pwr,VSS
E34,POWER,pwr,VSS
E36,POWER,pwr,VSS
E37,POWER,pwr,VSS
E39,POWER,pwr,VSS
E40,POWER,pwr,VSS
E41,POWER,pwr,VSS
E43,POWER,pwr,VSS
E45,POWER,pwr,VSS
E46,POWER,pwr,VSS
E48,POWER,pwr,VSS
E49,POWER,pwr,VSS
E50,POWER,pwr,VSS
E52,POWER,pwr,VSS
E54,POWER,pwr,VSS
E55,POWER,pwr,VSS
E59,POWER,pwr,VSS
E61,POWER,pwr,VSS
E64,POWER,pwr,VSS
E66,POWER,pwr,VSS
F1,POWER,pwr,VSS
F4,POWER,pwr,VSS
F5,POWER,pwr,VSS
F63,POWER,pwr,VSS
F66,POWER,pwr,VSS
G32,POWER,pwr,VSS
G34,POWER,pwr,VSS
G41,POWER,pwr,VSS
G48,POWER,pwr,VSS
G56,POWER,pwr,VSS
G59,POWER,pwr,VSS
H1,POWER,pwr,VSS
H34,POWER,pwr,VSS
H37,POWER,pwr,VSS
H38,POWER,pwr,VSS
H41,POWER,pwr,VSS
H44,POWER,pwr,VSS
H46,POWER,pwr,VSS
H52,POWER,pwr,VSS
H54,POWER,pwr,VSS
H56,POWER,pwr,VSS
H58,POWER,pwr,VSS
H59,POWER,pwr,VSS
H66,POWER,pwr,VSS
J29,POWER,pwr,VSS
J63,POWER,pwr,VSS
J64,POWER,pwr,VSS
J66,POWER,pwr,VSS
K1,POWER,pwr,VSS
K32,POWER,pwr,VSS
K34,POWER,pwr,VSS
K42,POWER,pwr,VSS
K50,POWER,pwr,VSS
K62,POWER,pwr,VSS
L30,POWER,pwr,VSS
L34,POWER,pwr,VSS
L48,POWER,pwr,VSS
L50,POWER,pwr,VSS
L60,POWER,pwr,VSS
M5,POWER,pwr,VSS
M37,POWER,pwr,VSS
M38,POWER,pwr,VSS
M44,POWER,pwr,VSS
M46,POWER,pwr,VSS
M52,POWER,pwr,VSS
M54,POWER,pwr,VSS
M56,POWER,pwr,VSS
M57,POWER,pwr,VSS
M59,POWER,pwr,VSS
M60,POWER,pwr,VSS
M66,POWER,pwr,VSS
N1,POWER,pwr,VSS
N5,POWER,pwr,VSS
N10,POWER,pwr,VSS
N34,POWER,pwr,VSS
N48,POWER,pwr,VSS
N50,POWER,pwr,VSS
N62,POWER,pwr,VSS
N63,POWER,pwr,VSS
N65,POWER,pwr,VSS
P29,POWER,pwr,VSS
P32,POWER,pwr,VSS
P34,POWER,pwr,VSS
P37,POWER,pwr,VSS
P44,POWER,pwr,VSS
R2,POWER,pwr,VSS
R4,POWER,pwr,VSS
R5,POWER,pwr,VSS
R12,POWER,pwr,VSS
R30,POWER,pwr,VSS
R38,POWER,pwr,VSS
R52,POWER,pwr,VSS
R56,POWER,pwr,VSS
R62,POWER,pwr,VSS
T5,POWER,pwr,VSS
T18,POWER,pwr,VSS
T20,POWER,pwr,VSS
T21,POWER,pwr,VSS
T23,POWER,pwr,VSS
T28,POWER,pwr,VSS
T29,POWER,pwr,VSS
T31,POWER,pwr,VSS
T34,POWER,pwr,VSS
T36,POWER,pwr,VSS
T41,POWER,pwr,VSS
T42,POWER,pwr,VSS
T47,POWER,pwr,VSS
T52,POWER,pwr,VSS
T56,POWER,pwr,VSS
T62,POWER,pwr,VSS
U9,POWER,pwr,VSS
U14,POWER,pwr,VSS
U62,POWER,pwr,VSS
U63,POWER,pwr,VSS
U65,POWER,pwr,VSS
V5,POWER,pwr,VSS
V32,POWER,pwr,VSS
V36,POWER,pwr,VSS
V42,POWER,pwr,VSS
V44,POWER,pwr,VSS
W4,POWER,pwr,VSS
W11,POWER,pwr,VSS
W16,POWER,pwr,VSS
W17,POWER,pwr,VSS
W19,POWER,pwr,VSS
W32,POWER,pwr,VSS
W36,POWER,pwr,VSS
W39,POWER,pwr,VSS
W42,POWER,pwr,VSS
W48,POWER,pwr,VSS
W53,POWER,pwr,VSS
W57,POWER,pwr,VSS
W62,POWER,pwr,VSS
Y5,POWER,pwr,VSS
Y8,POWER,pwr,VSS
Y13,POWER,pwr,VSS
Y17,POWER,pwr,VSS
Y19,POWER,pwr,VSS
Y48,POWER,pwr,VSS
Y51,POWER,pwr,VSS
Y56,POWER,pwr,VSS
Y60,POWER,pwr,VSS
AA3,POWER,pwr,VSS
AA5,POWER,pwr,VSS
AA23,POWER,pwr,VSS
AA25,POWER,pwr,VSS
AA26,POWER,pwr,VSS
AA28,POWER,pwr,VSS
AA29,POWER,pwr,VSS
AA31,POWER,pwr,VSS
AA36,POWER,pwr,VSS
AA42,POWER,pwr,VSS
AA44,POWER,pwr,VSS
AA62,POWER,pwr,VSS
AA64,POWER,pwr,VSS
AA66,POWER,pwr,VSS
AB1,POWER,pwr,VSS
AB5,POWER,pwr,VSS
AB20,POWER,pwr,VSS
AC12,POWER,pwr,VSS
AC18,POWER,pwr,VSS
AC20,POWER,pwr,VSS
AC21,POWER,pwr,VSS
AC23,POWER,pwr,VSS
AC28,POWER,pwr,VSS
AC29,POWER,pwr,VSS
AC31,POWER,pwr,VSS
AC32,POWER,pwr,VSS
AC34,POWER,pwr,VSS
AC36,POWER,pwr,VSS
AC46,POWER,pwr,VSS
AC50,POWER,pwr,VSS
AC55,POWER,pwr,VSS
AC59,POWER,pwr,VSS
AD2,POWER,pwr,VSS
AD4,POWER,pwr,VSS
AD5,POWER,pwr,VSS
AD9,POWER,pwr,VSS
AD14,POWER,pwr,VSS
AD17,POWER,pwr,VSS
AD18,POWER,pwr,VSS
AD20,POWER,pwr,VSS
AD34,POWER,pwr,VSS
AD41,POWER,pwr,VSS
AD46,POWER,pwr,VSS
AD47,POWER,pwr,VSS
AD52,POWER,pwr,VSS
AD56,POWER,pwr,VSS
AD62,POWER,pwr,VSS
AE47,POWER,pwr,VSS
AE64,POWER,pwr,VSS
AF28,POWER,pwr,VSS
AF44,POWER,pwr,VSS
AF62,POWER,pwr,VSS
AG5,POWER,pwr,VSS
AG10,POWER,pwr,VSS
AG16,POWER,pwr,VSS
AG23,POWER,pwr,VSS
AG25,POWER,pwr,VSS
AG26,POWER,pwr,VSS
AG28,POWER,pwr,VSS
AG34,POWER,pwr,VSS
AG41,POWER,pwr,VSS
AG44,POWER,pwr,VSS
AG48,POWER,pwr,VSS
AG53,POWER,pwr,VSS
AG57,POWER,pwr,VSS
AG63,POWER,pwr,VSS
AG64,POWER,pwr,VSS
AG66,POWER,pwr,VSS
AH11,POWER,pwr,VSS
AH17,POWER,pwr,VSS
AH53,POWER,pwr,VSS
AH57,POWER,pwr,VSS
AH62,POWER,pwr,VSS
AJ28,POWER,pwr,VSS
AJ32,POWER,pwr,VSS
AJ44,POWER,pwr,VSS
AJ46,POWER,pwr,VSS
AJ47,POWER,pwr,VSS
AK3,POWER,pwr,VSS
AK5,POWER,pwr,VSS
AK62,POWER,pwr,VSS
AK64,POWER,pwr,VSS
AK66,POWER,pwr,VSS
AL1,POWER,pwr,VSS
AL5,POWER,pwr,VSS
AL9,POWER,pwr,VSS
AL14,POWER,pwr,VSS
AL17,POWER,pwr,VSS
AL18,POWER,pwr,VSS
AL20,POWER,pwr,VSS
AL29,POWER,pwr,VSS
AL38,POWER,pwr,VSS
AL42,POWER,pwr,VSS
AL44,POWER,pwr,VSS
AL50,POWER,pwr,VSS
AL55,POWER,pwr,VSS
AL59,POWER,pwr,VSS
AM12,POWER,pwr,VSS
AM18,POWER,pwr,VSS
AM20,POWER,pwr,VSS
AM21,POWER,pwr,VSS
AM23,POWER,pwr,VSS
AM44,POWER,pwr,VSS
AM46,POWER,pwr,VSS
AM50,POWER,pwr,VSS
AM55,POWER,pwr,VSS
AM59,POWER,pwr,VSS
AN5,POWER,pwr,VSS
AN47,POWER,pwr,VSS
AN66,POWER,pwr,VSS
AP5,POWER,pwr,VSS
AP23,POWER,pwr,VSS
AP25,POWER,pwr,VSS
AP26,POWER,pwr,VSS
AP28,POWER,pwr,VSS
AP29,POWER,pwr,VSS
AP31,POWER,pwr,VSS
AP32,POWER,pwr,VSS
AP34,POWER,pwr,VSS
AP36,POWER,pwr,VSS
AP38,POWER,pwr,VSS
AP39,POWER,pwr,VSS
AP41,POWER,pwr,VSS
AP42,POWER,pwr,VSS
AP44,POWER,pwr,VSS
AP46,POWER,pwr,VSS
AP64,POWER,pwr,VSS
AR8,POWER,pwr,VSS
AR13,POWER,pwr,VSS
AR17,POWER,pwr,VSS
AR19,POWER,pwr,VSS
AR50,POWER,pwr,VSS
AR56,POWER,pwr,VSS
AR60,POWER,pwr,VSS
AR62,POWER,pwr,VSS
AT5,POWER,pwr,VSS
AT11,POWER,pwr,VSS
AT16,POWER,pwr,VSS
AT17,POWER,pwr,VSS
AT19,POWER,pwr,VSS
AT44,POWER,pwr,VSS
AT53,POWER,pwr,VSS
AT57,POWER,pwr,VSS
AT64,POWER,pwr,VSS
AT66,POWER,pwr,VSS
AU4,POWER,pwr,VSS
AU62,POWER,pwr,VSS
AV2,POWER,pwr,VSS
AV4,POWER,pwr,VSS
AV5,POWER,pwr,VSS
AW5,POWER,pwr,VSS
AW9,POWER,pwr,VSS
AW14,POWER,pwr,VSS
AW19,POWER,pwr,VSS
AW23,POWER,pwr,VSS
AW25,POWER,pwr,VSS
AW26,POWER,pwr,VSS
AW28,POWER,pwr,VSS
AW30,POWER,pwr,VSS
AW31,POWER,pwr,VSS
AW32,POWER,pwr,VSS
AW34,POWER,pwr,VSS
AW46,POWER,pwr,VSS
AW47,POWER,pwr,VSS
AW49,POWER,pwr,VSS
AW50,POWER,pwr,VSS
AW52,POWER,pwr,VSS
AW55,POWER,pwr,VSS
AW59,POWER,pwr,VSS
AY5,POWER,pwr,VSS
AY12,POWER,pwr,VSS
AY38,POWER,pwr,VSS
AY45,POWER,pwr,VSS
AY52,POWER,pwr,VSS
AY55,POWER,pwr,VSS
AY62,POWER,pwr,VSS
BA17,POWER,pwr,VSS
BA29,POWER,pwr,VSS
BA34,POWER,pwr,VSS
BA42,POWER,pwr,VSS
BA49,POWER,pwr,VSS
BB5,POWER,pwr,VSS
BB17,POWER,pwr,VSS
BB34,POWER,pwr,VSS
BB53,POWER,pwr,VSS
BB54,POWER,pwr,VSS
BB56,POWER,pwr,VSS
BB57,POWER,pwr,VSS
BB62,POWER,pwr,VSS
BB65,POWER,pwr,VSS
BB66,POWER,pwr,VSS
BC5,POWER,pwr,VSS
BC30,POWER,pwr,VSS
BC37,POWER,pwr,VSS
BC46,POWER,pwr,VSS
BD32,POWER,pwr,VSS
BD34,POWER,pwr,VSS
BD38,POWER,pwr,VSS
BD41,POWER,pwr,VSS
BD45,POWER,pwr,VSS
BD50,POWER,pwr,VSS
BD53,POWER,pwr,VSS
BD59,POWER,pwr,VSS
BD60,POWER,pwr,VSS
BD62,POWER,pwr,VSS
BD63,POWER,pwr,VSS
BD65,POWER,pwr,VSS
BE5,POWER,pwr,VSS
BE32,POWER,pwr,VSS
BE42,POWER,pwr,VSS
BE49,POWER,pwr,VSS
BE57,POWER,pwr,VSS
BE66,POWER,pwr,VSS
BF1,POWER,pwr,VSS
BF3,POWER,pwr,VSS
BF4,POWER,pwr,VSS
BF29,POWER,pwr,VSS
BF62,POWER,pwr,VSS
BG1,POWER,pwr,VSS
BG32,POWER,pwr,VSS
BG37,POWER,pwr,VSS
BG46,POWER,pwr,VSS
BG54,POWER,pwr,VSS
BG63,POWER,pwr,VSS
BG66,POWER,pwr,VSS
BH32,POWER,pwr,VSS
BH34,POWER,pwr,VSS
BH41,POWER,pwr,VSS
BH50,POWER,pwr,VSS
BH60,POWER,pwr,VSS
BH62,POWER,pwr,VSS
BJ1,POWER,pwr,VSS
BJ66,POWER,pwr,VSS
BK1,POWER,pwr,VSS
BK8,POWER,pwr,VSS
BK10,POWER,pwr,VSS
BK15,POWER,pwr,VSS
BK17,POWER,pwr,VSS
BK18,POWER,pwr,VSS
BK19,POWER,pwr,VSS
BK21,POWER,pwr,VSS
BK22,POWER,pwr,VSS
BK24,POWER,pwr,VSS
BK26,POWER,pwr,VSS
BK27,POWER,pwr,VSS
BK28,POWER,pwr,VSS
BK30,POWER,pwr,VSS
BK31,POWER,pwr,VSS
BK36,POWER,pwr,VSS
BK37,POWER,pwr,VSS
BK39,POWER,pwr,VSS
BK42,POWER,pwr,VSS
BK44,POWER,pwr,VSS
BK45,POWER,pwr,VSS
BK46,POWER,pwr,VSS
BK48,POWER,pwr,VSS
BK49,POWER,pwr,VSS
BK51,POWER,pwr,VSS
BK53,POWER,pwr,VSS
BK56,POWER,pwr,VSS
BK57,POWER,pwr,VSS
BK58,POWER,pwr,VSS
BK64,POWER,pwr,VSS
BK66,POWER,pwr,VSS
BL14,POWER,pwr,VSS
BL19,POWER,pwr,VSS
BL25,POWER,pwr,VSS
BL30,POWER,pwr,VSS
BL34,POWER,pwr,VSS
BL37,POWER,pwr,VSS
BL43,POWER,pwr,VSS
BM1,POWER,pwr,VSS
BM3,POWER,pwr,VSS
BM5,POWER,pwr,VSS
BM22,POWER,pwr,VSS
BM45,POWER,pwr,VSS
BM61,POWER,pwr,VSS
BM62,POWER,pwr,VSS
BM64,POWER,pwr,VSS
BM66,POWER,pwr,VSS
BN14,POWER,pwr,VSS
BN30,POWER,pwr,VSS
BN37,POWER,pwr,VSS
BP1,POWER,pwr,VSS
BP3,POWER,pwr,VSS
BP5,POWER,pwr,VSS
BP10,POWER,pwr,VSS
BP13,POWER,pwr,VSS
BP22,POWER,pwr,VSS
BP31,POWER,pwr,VSS
BP37,POWER,pwr,VSS
BP40,POWER,pwr,VSS
BP46,POWER,pwr,VSS
BP52,POWER,pwr,VSS
BP55,POWER,pwr,VSS
BP58,POWER,pwr,VSS
BP59,POWER,pwr,VSS
BP61,POWER,pwr,VSS
BP62,POWER,pwr,VSS
BP64,POWER,pwr,VSS
BP66,POWER,pwr,VSS
AU44,POWER,pwr,VSSA_USB
AW44,POWER,pwr,VSSA_USB
AF2,POWER,pwr,VSSCPUVIDSI0_1P03_SENSE
AF34,POWER,pwr,VSSRAMCPUSI1_1P03_SENSE